{"stats":{"minecraft:dropped":{"minecraft:grass":1,"minecraft:grass_block":5,"minecraft:shulker_box":1},"minecraft:used":{"minecraft:oak_door":1,"minecraft:golden_hoe":1,"minecraft:golden_carrot":1,"minecraft:iron_pickaxe":2,"minecraft:shulker_box":2,"minecraft:chest":1},"minecraft:custom":{"minecraft:open_barrel":3,"minecraft:open_chest":1,"minecraft:time_since_rest":18850,"minecraft:play_time":33256,"minecraft:sprint_one_cm":79273,"lootr:looted_stat":4,"minecraft:open_shulker_box":5,"minecraft:damage_taken":25,"minecraft:walk_one_cm":129693,"minecraft:drop":3,"minecraft:jump":156,"minecraft:open_loot_ball":4,"minecraft:walk_on_water_one_cm":113,"minecraft:time_since_death":33256,"minecraft:sleep_in_bed":2,"minecraft:total_world_time":33256,"minecraft:talked_to_villager":2,"minecraft:fall_one_cm":269,"minecraft:fly_one_cm":8329},"minecraft:picked_up":{"cobblemon:great_ball":1,"minecraft:oak_door":1,"minecraft:golden_hoe":1,"minecraft:grass":1,"minecraft:iron_pickaxe":1,"minecraft:grass_block":5,"sophisticatedbackpacks:netherite_backpack":5,"minecraft:chest":1,"minecraft:shulker_box":2,"paraglider:paraglider":1},"minecraft:mined":{"minecraft:grass":1,"minecraft:shulker_box":2}},"DataVersion":3465}