{"stats":{"minecraft:dropped":{"minecraft:oak_door":1,"minecraft:farmland":3,"minecraft:grass":5,"minecraft:wheat_seeds":2,"minecraft:chest":1,"sophisticatedbackpacks:netherite_backpack":6,"minecraft:golden_hoe":1,"minecraft:iron_pickaxe":1,"paraglider:paraglider":1,"minecraft:dirt_path":1,"minecraft:grass_block":11},"minecraft:used":{"minecraft:grass_block":30,"minecraft:iron_pickaxe":2,"cobblemon:black_gilded_chest":2,"lootballs:master_loot_ball":4,"minecraft:farmland":20,"artifacts:everlasting_beef":1,"minecraft:shulker_box":7,"openblocks:elevator_block":3,"toolleveling:tool_leveling_table":1},"minecraft:custom":{"minecraft:time_since_rest":44986,"lootr:looted_stat":1,"minecraft:sprint_one_cm":123625,"minecraft:walk_one_cm":206128,"minecraft:drop":33,"minecraft:fly_one_cm":580498,"minecraft:crouch_one_cm":887,"minecraft:play_time":121430,"minecraft:open_shulker_box":11,"minecraft:deaths":1,"minecraft:sneak_time":887,"minecraft:walk_under_water_one_cm":844,"minecraft:jump":557,"minecraft:open_loot_ball":2,"minecraft:leave_game":7,"minecraft:walk_on_water_one_cm":1335,"minecraft:time_since_death":57714,"minecraft:sleep_in_bed":2,"minecraft:total_world_time":121430,"minecraft:fall_one_cm":5521},"minecraft:picked_up":{"minecraft:farmland":1,"minecraft:porkchop":2,"minecraft:grass_block":2,"minecraft:shulker_box":3,"cobblemon:black_gilded_chest":1,"minecraft:wheat_seeds":9,"minecraft:grass":1,"sophisticatedbackpacks:netherite_backpack":1,"minecraft:mutton":3},"minecraft:mined":{"cobblemon:black_gilded_chest":1,"minecraft:shulker_box":2,"minecraft:grass":59,"minecraft:tall_grass":10}},"DataVersion":3465}