{
  "uuid": "d67a3f0d-c691-37a1-a60d-c685f66060b9",
  "starterPrompted": true,
  "starterLocked": false,
  "starterSelected": true,
  "starterUUID": "0e0c6135-60e7-413f-a7b3-f748bb010373",
  "keyItems": [],
  "battleTheme": "cobblemon:battle.pvp.default",
  "extraData": {
    "koStreak": {
      "name": "koStreak",
      "species": "",
      "count": 0
    },
    "koCount": {
      "name": "koCount",
      "defeats": {}
    },
    "captureStreak": {
      "name": "captureStreak",
      "species": "drowzee",
      "count": 1
    },
    "captureCount": {
      "name": "captureCount",
      "defeats": {
        "tangela": 1,
        "pidove": 1,
        "growlithe": 1,
        "drowzee": 1
      }
    }
  },
  "advancementData": {
    "totalCaptureCount": 4,
    "totalEggsHatched": 0,
    "totalEvolvedCount": 0,
    "totalBattleVictoryCount": 4,
    "totalPvPBattleVictoryCount": 0,
    "totalPvWBattleVictoryCount": 4,
    "totalPvNBattleVictoryCount": 0,
    "totalShinyCaptureCount": 0,
    "totalTradedCount": 0,
    "totalTypeCaptureCounts": {
      "grass": 1,
      "normal": 1,
      "flying": 1,
      "fire": 1,
      "psychic": 1
    },
    "totalDefeatedCounts": {},
    "aspectsCollected": {}
  }
}